,n_clusters,n_noise,avg_size,max_size,sample_size,percent_clustered,aggregated_rides,aggregated_vehicles,aggregated rides/clustered rides,aggregated rides/all rides,aggregated_rate/all_rides
0_00_,146,154,2.910958904,9,579,73.40241796,98,45,0.230588235,0.16925734,0.000292327
0_01_,69,62,3.144927536,11,279,77.77777778,51,25,0.235023041,0.182795699,0.000655182
0_02_,43,56,3.069767442,7,188,70.21276596,14,7,0.106060606,0.074468085,0.000396107
0_03_,39,38,2.820512821,5,148,74.32432432,10,5,0.090909091,0.067567568,0.000456538
0_04_,40,22,3.075,18,145,84.82758621,10,5,0.081300813,0.068965517,0.000475624
0_05_,21,24,3.333333333,7,94,74.46808511,0,0,0,0,0
0_06_,19,17,3.157894737,9,77,77.92207792,6,3,0.1,0.077922078,0.001011975
0_07_,19,20,2.789473684,6,73,72.60273973,10,5,0.188679245,0.136986301,0.001876525
0_08_,13,19,3.615384615,7,66,71.21212121,6,3,0.127659574,0.090909091,0.00137741
0_09_,7,11,5,10,46,76.08695652,2,1,0.057142857,0.043478261,0.00094518
0_10_,20,14,2.85,6,71,80.28169014,5,2,0.087719298,0.070422535,0.000991867
0_11_,43,45,2.813953488,11,166,72.89156627,27,13,0.223140496,0.162650602,0.000979823
0_12_,83,114,2.78313253,7,345,66.95652174,90,42,0.38961039,0.260869565,0.000756144
0_13_,193,217,2.92746114,8,782,72.25063939,243,113,0.430088496,0.310741688,0.000397368
0_14_,254,263,2.901574803,11,1000,73.7,320,148,0.434192673,0.32,0.00032
0_15_,248,273,2.931451613,10,1000,72.7,286,132,0.393397524,0.286,0.000286
0_16_,270,275,2.685185185,7,1000,72.5,289,137,0.39862069,0.289,0.000289
0_17_,262,255,2.84351145,8,1000,74.5,238,115,0.319463087,0.238,0.000238
0_18_,257,263,2.86770428,8,1000,73.7,282,134,0.382632293,0.282,0.000282
0_19_,248,275,2.923387097,13,1000,72.5,270,128,0.372413793,0.27,0.00027
0_20_,245,284,2.92244898,11,1000,71.6,286,137,0.399441341,0.286,0.000286
0_21_,260,267,2.819230769,10,1000,73.3,266,128,0.362892224,0.266,0.000266
0_22_,261,266,2.812260536,13,1000,73.4,269,128,0.366485014,0.269,0.000269
0_23_,260,258,2.853846154,14,1000,74.2,266,129,0.358490566,0.266,0.000266
0_24_,261,277,2.770114943,11,1000,72.3,250,121,0.345781466,0.25,0.00025
0_25_,247,288,2.882591093,8,1000,71.2,241,117,0.338483146,0.241,0.000241
0_26_,265,249,2.833962264,9,1000,75.1,252,120,0.335552597,0.252,0.000252
0_27_,243,278,2.971193416,14,1000,72.2,236,112,0.326869806,0.236,0.000236
0_28_,247,271,2.951417004,10,1000,72.9,245,116,0.336076818,0.245,0.000245
0_29_,266,261,2.778195489,9,1000,73.9,249,119,0.336941813,0.249,0.000249
0_30_,248,297,2.834677419,9,1000,70.3,230,111,0.327169275,0.23,0.00023
0_31_,261,241,2.908045977,10,1000,75.9,264,128,0.347826087,0.264,0.000264
0_32_,248,257,2.995967742,10,1000,74.3,281,130,0.378196501,0.281,0.000281
0_33_,252,290,2.817460317,9,1000,71,212,100,0.298591549,0.212,0.000212
0_34_,250,275,2.9,11,1000,72.5,216,104,0.297931034,0.216,0.000216
0_35_,248,278,2.911290323,9,1000,72.2,200,96,0.27700831,0.2,0.0002
0_36_,254,257,2.92519685,9,1000,74.3,220,106,0.296096904,0.22,0.00022
0_37_,256,262,2.8828125,12,1000,73.8,211,102,0.285907859,0.211,0.000211
0_38_,266,244,2.842105263,9,1000,75.6,246,117,0.325396825,0.246,0.000246
0_39_,253,254,2.948616601,11,1000,74.6,227,108,0.304289544,0.227,0.000227
0_40_,252,224,3.079365079,13,1000,77.6,268,126,0.345360825,0.268,0.000268
0_41_,250,277,2.892,8,1000,72.3,229,111,0.316735823,0.229,0.000229
0_42_,260,221,2.996153846,9,1000,77.9,231,112,0.296534018,0.231,0.000231
0_43_,255,220,3.058823529,13,1000,78,242,117,0.31025641,0.242,0.000242
0_44_,253,262,2.916996047,9,1000,73.8,240,117,0.325203252,0.24,0.00024
0_45_,262,266,2.801526718,9,1000,73.4,227,106,0.309264305,0.227,0.000227
0_46_,213,209,2.938967136,11,835,74.97005988,158,76,0.252396166,0.189221557,0.000226613
0_47_,154,171,3.071428571,10,644,73.44720497,109,53,0.230443975,0.169254658,0.000262818
1_00_,125,132,2.72,8,472,72.03389831,73,35,0.214705882,0.154661017,0.000327672
1_01_,96,83,2.770833333,8,349,76.21776504,52,26,0.195488722,0.148997135,0.000426926
1_02_,58,56,3.017241379,10,231,75.75757576,18,9,0.102857143,0.077922078,0.000337325
1_03_,53,42,2.849056604,6,193,78.23834197,20,10,0.132450331,0.103626943,0.000536927
1_04_,27,31,3,6,112,72.32142857,4,2,0.049382716,0.035714286,0.000318878
1_05_,27,31,2.62962963,5,102,69.60784314,12,6,0.169014085,0.117647059,0.001153403
1_06_,21,19,3.333333333,8,89,78.65168539,2,1,0.028571429,0.02247191,0.000252493
1_07_,15,13,4.266666667,14,77,83.11688312,11,5,0.171875,0.142857143,0.001855288
1_08_,13,11,4.307692308,11,67,83.58208955,4,2,0.071428571,0.059701493,0.000891067
1_09_,12,9,3.416666667,10,50,82,2,1,0.048780488,0.04,0.0008
1_10_,17,13,3.235294118,6,68,80.88235294,4,2,0.072727273,0.058823529,0.000865052
1_11_,36,31,3,8,139,77.69784173,16,8,0.148148148,0.115107914,0.000828114
1_12_,75,82,2.88,12,298,72.48322148,56,27,0.259259259,0.187919463,0.000630602
1_13_,189,190,2.920634921,9,742,74.393531,196,93,0.355072464,0.264150943,0.000355999
1_14_,255,265,2.882352941,9,1000,73.5,329,152,0.447619048,0.329,0.000329
1_15_,251,297,2.800796813,14,1000,70.3,288,137,0.409672831,0.288,0.000288
1_16_,249,263,2.959839357,12,1000,73.7,274,124,0.371777476,0.274,0.000274
1_17_,252,249,2.98015873,12,1000,75.1,243,116,0.323568575,0.243,0.000243
1_18_,259,218,3.019305019,13,1000,78.2,262,126,0.335038363,0.262,0.000262
1_19_,241,276,3.004149378,8,1000,72.4,270,130,0.372928177,0.27,0.00027
1_20_,256,274,2.8359375,9,1000,72.6,247,121,0.340220386,0.247,0.000247
1_21_,267,253,2.797752809,11,1000,74.7,259,125,0.346720214,0.259,0.000259
1_22_,241,304,2.887966805,12,1000,69.6,238,116,0.341954023,0.238,0.000238
1_23_,256,255,2.91015625,13,1000,74.5,237,115,0.318120805,0.237,0.000237
1_24_,263,262,2.80608365,17,1000,73.8,241,115,0.326558266,0.241,0.000241
1_25_,249,281,2.887550201,9,1000,71.9,213,104,0.296244784,0.213,0.000213
1_26_,260,267,2.819230769,10,1000,73.3,222,106,0.302864939,0.222,0.000222
1_27_,247,254,3.020242915,9,1000,74.6,250,122,0.335120643,0.25,0.00025
1_28_,244,293,2.897540984,12,1000,70.7,242,113,0.342291372,0.242,0.000242
1_29_,251,276,2.884462151,9,1000,72.4,224,109,0.309392265,0.224,0.000224
1_30_,256,256,2.90625,8,1000,74.4,262,127,0.352150538,0.262,0.000262
1_31_,270,244,2.8,10,1000,75.6,230,112,0.304232804,0.23,0.00023
1_32_,260,248,2.892307692,18,1000,75.2,254,121,0.337765957,0.254,0.000254
1_33_,215,257,3.013953488,10,905,71.60220994,200,98,0.308641975,0.220994475,0.000244193
1_34_,244,260,3.032786885,8,1000,74,207,101,0.27972973,0.207,0.000207
1_35_,254,240,2.992125984,15,1000,76,197,95,0.259210526,0.197,0.000197
1_36_,251,247,3,9,1000,75.3,225,109,0.298804781,0.225,0.000225
1_37_,256,253,2.91796875,9,1000,74.7,231,110,0.309236948,0.231,0.000231
1_38_,262,264,2.809160305,9,1000,73.6,231,113,0.313858696,0.231,0.000231
1_39_,257,252,2.910505837,9,1000,74.8,254,123,0.339572193,0.254,0.000254
1_40_,263,270,2.775665399,13,1000,73,229,112,0.31369863,0.229,0.000229
1_41_,270,235,2.833333333,13,1000,76.5,200,98,0.261437908,0.2,0.0002
1_42_,246,261,3.004065041,13,1000,73.9,236,116,0.319350474,0.236,0.000236
1_43_,265,253,2.818867925,9,1000,74.7,221,108,0.295850067,0.221,0.000221
1_44_,263,244,2.874524715,12,1000,75.6,217,104,0.287037037,0.217,0.000217
1_45_,262,229,2.942748092,14,1000,77.1,263,124,0.341115435,0.263,0.000263
1_46_,244,250,3.073770492,11,1000,75,257,122,0.342666667,0.257,0.000257
1_47_,226,245,3.008849558,9,925,73.51351351,180,86,0.264705882,0.194594595,0.000210373
2_00_,183,185,2.961748634,13,727,74.55295736,149,70,0.274907749,0.204951857,0.000281915
2_01_,127,139,2.724409449,8,485,71.34020619,94,45,0.271676301,0.193814433,0.000399617
2_02_,85,93,3.094117647,11,356,73.87640449,72,35,0.273764259,0.202247191,0.00056811
2_03_,62,49,2.806451613,7,223,78.02690583,40,20,0.229885057,0.179372197,0.00080436
2_04_,54,50,2.759259259,9,199,74.87437186,22,11,0.147651007,0.110552764,0.000555542
2_05_,34,32,2.970588235,8,133,75.93984962,21,10,0.207920792,0.157894737,0.001187178
2_06_,25,32,3.2,6,112,71.42857143,6,3,0.075,0.053571429,0.000478316
2_07_,20,17,3.1,11,79,78.48101266,4,2,0.064516129,0.050632911,0.000640923
2_08_,17,19,3.470588235,8,78,75.64102564,12,6,0.203389831,0.153846154,0.001972387
2_09_,17,19,2.823529412,5,67,71.64179104,2,1,0.041666667,0.029850746,0.000445534
2_10_,17,19,2.647058824,4,64,70.3125,0,0,0,0,0
2_11_,32,41,3.34375,13,148,72.2972973,20,10,0.186915888,0.135135135,0.000913075
2_12_,75,95,3.066666667,16,325,70.76923077,62,29,0.269565217,0.190769231,0.000586982
2_13_,191,215,2.832460733,9,756,71.56084656,205,95,0.378927911,0.271164021,0.000358683
2_14_,240,287,2.970833333,13,1000,71.3,316,147,0.443197756,0.316,0.000316
2_15_,244,281,2.946721311,13,1000,71.9,259,120,0.360222531,0.259,0.000259
2_16_,255,267,2.874509804,8,1000,73.3,273,127,0.372442019,0.273,0.000273
2_17_,250,249,3.004,12,1000,75.1,251,119,0.334221039,0.251,0.000251
2_18_,248,263,2.971774194,12,1000,73.7,252,119,0.34192673,0.252,0.000252
2_19_,254,270,2.874015748,18,1000,73,256,122,0.350684932,0.256,0.000256
2_20_,264,259,2.806818182,8,1000,74.1,254,122,0.342780027,0.254,0.000254
2_21_,246,289,2.890243902,8,1000,71.1,255,122,0.358649789,0.255,0.000255
2_22_,241,271,3.024896266,9,1000,72.9,240,115,0.329218107,0.24,0.00024
2_23_,238,286,3,11,1000,71.4,220,107,0.308123249,0.22,0.00022
2_24_,245,288,2.906122449,10,1000,71.2,251,121,0.35252809,0.251,0.000251
2_25_,240,236,3.183333333,12,1000,76.4,225,110,0.294502618,0.225,0.000225
2_26_,254,232,2.909448819,14,971,76.10710608,209,99,0.282814614,0.215242019,0.00022167
2_27_,264,238,2.886363636,11,1000,76.2,236,113,0.309711286,0.236,0.000236
2_28_,247,243,3.064777328,12,1000,75.7,215,104,0.284015852,0.215,0.000215
2_29_,268,224,2.895522388,11,1000,77.6,247,121,0.318298969,0.247,0.000247
2_30_,240,271,3.0375,10,1000,72.9,237,113,0.325102881,0.237,0.000237
2_31_,242,289,2.938016529,9,1000,71.1,232,110,0.326300985,0.232,0.000232
2_32_,223,215,2.843049327,11,849,74.67608952,144,70,0.227129338,0.169611307,0.000199778
2_33_,233,226,2.832618026,11,886,74.49209932,193,94,0.292424242,0.217832957,0.000245861
2_34_,262,239,2.904580153,7,1000,76.1,190,91,0.249671485,0.19,0.00019
2_35_,264,245,2.859848485,13,1000,75.5,158,77,0.209271523,0.158,0.000158
2_36_,258,258,2.875968992,8,1000,74.2,203,98,0.273584906,0.203,0.000203
2_37_,253,247,2.976284585,11,1000,75.3,229,109,0.304116866,0.229,0.000229
2_38_,248,245,3.044354839,15,1000,75.5,247,120,0.327152318,0.247,0.000247
2_39_,251,265,2.928286853,10,1000,73.5,215,104,0.292517007,0.215,0.000215
2_40_,253,234,3.027667984,11,1000,76.6,246,118,0.321148825,0.246,0.000246
2_41_,246,250,3.048780488,18,1000,75,190,93,0.253333333,0.19,0.00019
2_42_,259,236,2.94980695,10,1000,76.4,236,114,0.308900524,0.236,0.000236
2_43_,238,244,3.176470588,9,1000,75.6,228,111,0.301587302,0.228,0.000228
2_44_,251,255,2.96812749,12,1000,74.5,221,109,0.296644295,0.221,0.000221
2_45_,251,241,3.023904382,12,1000,75.9,220,107,0.289855072,0.22,0.00022
2_46_,240,248,3.133333333,16,1000,75.2,251,120,0.333776596,0.251,0.000251
2_47_,248,253,3.012096774,10,1000,74.7,235,115,0.3145917,0.235,0.000235
3_00_,185,222,2.962162162,10,770,71.16883117,192,93,0.350364964,0.249350649,0.000323832
3_01_,146,131,2.945205479,9,561,76.64884135,107,52,0.248837209,0.190730838,0.000339984
3_02_,98,93,3.102040816,10,397,76.5743073,72,35,0.236842105,0.181360202,0.000456827
3_03_,67,74,3.119402985,11,283,73.85159011,26,13,0.124401914,0.091872792,0.000324639
3_04_,52,63,3,6,219,71.23287671,27,13,0.173076923,0.123287671,0.000562957
3_05_,44,57,3,8,189,69.84126984,14,7,0.106060606,0.074074074,0.000391926
3_06_,38,34,2.815789474,6,141,75.88652482,10,5,0.093457944,0.070921986,0.000502993
3_07_,22,18,2.863636364,9,81,77.77777778,10,5,0.158730159,0.12345679,0.001524158
3_08_,20,16,2.75,6,71,77.46478873,8,4,0.145454545,0.112676056,0.001586987
3_09_,14,9,3.785714286,9,62,85.48387097,2,1,0.037735849,0.032258065,0.000520291
3_10_,14,20,3.285714286,5,66,69.6969697,4,2,0.086956522,0.060606061,0.000918274
3_11_,32,45,2.78125,6,134,66.41791045,10,5,0.112359551,0.074626866,0.000556917
3_12_,68,69,3,13,273,74.72527473,57,25,0.279411765,0.208791209,0.000764803
3_13_,169,177,3.023668639,12,688,74.27325581,185,87,0.362035225,0.268895349,0.000390836
3_14_,250,290,2.84,12,1000,71,304,140,0.428169014,0.304,0.000304
3_15_,260,246,2.9,9,1000,75.4,300,139,0.397877984,0.3,0.0003
3_16_,253,242,2.996047431,9,1000,75.8,241,116,0.317941953,0.241,0.000241
3_17_,241,269,3.033195021,17,1000,73.1,266,126,0.363885089,0.266,0.000266
3_18_,241,275,3.008298755,19,1000,72.5,230,113,0.317241379,0.23,0.00023
3_19_,247,249,3.04048583,10,1000,75.1,243,119,0.323568575,0.243,0.000243
3_20_,264,223,2.943181818,9,1000,77.7,242,120,0.311454311,0.242,0.000242
3_21_,243,278,2.971193416,13,1000,72.2,255,121,0.353185596,0.255,0.000255
3_22_,270,253,2.766666667,7,1000,74.7,241,117,0.322623829,0.241,0.000241
3_23_,235,267,3.119148936,12,1000,73.3,216,104,0.2946794,0.216,0.000216
3_24_,248,246,3.040322581,11,1000,75.4,216,104,0.286472149,0.216,0.000216
3_25_,240,300,2.916666667,11,1000,70,235,112,0.335714286,0.235,0.000235
3_26_,245,238,3.093877551,11,996,76.10441767,246,119,0.324538259,0.246987952,0.00024798
3_27_,250,268,2.928,9,1000,73.2,252,121,0.344262295,0.252,0.000252
3_28_,257,256,2.894941634,9,1000,74.4,259,123,0.34811828,0.259,0.000259
3_29_,264,260,2.803030303,10,1000,74,214,104,0.289189189,0.214,0.000214
3_30_,253,263,2.913043478,9,1000,73.7,236,109,0.320217096,0.236,0.000236
3_31_,262,219,2.832061069,12,961,77.21123829,226,110,0.30458221,0.235171696,0.000244716
3_32_,209,187,2.913875598,11,796,76.50753769,126,61,0.206896552,0.158291457,0.000198859
3_33_,192,167,2.822916667,8,709,76.44569817,117,57,0.215867159,0.165021157,0.000232752
3_34_,238,219,2.970588235,8,926,76.34989201,174,82,0.246110325,0.187904968,0.000202921
3_35_,245,243,3.089795918,10,1000,75.7,198,96,0.261558785,0.198,0.000198
3_36_,259,241,2.930501931,12,1000,75.9,174,84,0.229249012,0.174,0.000174
3_37_,250,254,2.984,9,1000,74.6,208,102,0.278820375,0.208,0.000208
3_38_,254,265,2.893700787,12,1000,73.5,189,93,0.257142857,0.189,0.000189
3_39_,260,229,2.965384615,11,1000,77.1,225,111,0.291828794,0.225,0.000225
3_40_,268,231,2.869402985,10,1000,76.9,229,110,0.297789337,0.229,0.000229
3_41_,244,263,3.020491803,12,1000,73.7,225,110,0.305291723,0.225,0.000225
3_42_,258,258,2.875968992,10,1000,74.2,205,100,0.276280323,0.205,0.000205
3_43_,271,235,2.822878229,14,1000,76.5,191,92,0.249673203,0.191,0.000191
3_44_,268,253,2.787313433,9,1000,74.7,240,117,0.321285141,0.24,0.00024
3_45_,246,217,3.182926829,13,1000,78.3,183,88,0.233716475,0.183,0.000183
3_46_,262,255,2.84351145,8,1000,74.5,247,120,0.331543624,0.247,0.000247
3_47_,245,229,3.146938776,10,1000,77.1,233,112,0.302204929,0.233,0.000233
4_00_,263,225,2.946768061,16,1000,77.5,222,107,0.286451613,0.222,0.000222
4_01_,212,193,3.014150943,13,832,76.80288462,185,91,0.289514867,0.222355769,0.000267255
4_02_,181,138,2.817679558,10,648,78.7037037,133,63,0.260784314,0.205246914,0.000316739
4_03_,123,100,3.089430894,12,480,79.16666667,107,53,0.281578947,0.222916667,0.00046441
4_04_,104,87,3.028846154,8,402,78.35820896,74,35,0.234920635,0.184079602,0.000457909
4_05_,77,85,3.012987013,9,317,73.18611987,54,25,0.232758621,0.170347003,0.000537372
4_06_,59,65,2.661016949,6,222,70.72072072,38,19,0.242038217,0.171171171,0.000771041
4_07_,48,53,2.979166667,8,196,72.95918367,30,15,0.20979021,0.153061224,0.000780925
4_08_,46,34,2.673913043,6,157,78.34394904,18,9,0.146341463,0.114649682,0.000730253
4_09_,27,30,3.185185185,8,116,74.13793103,8,4,0.093023256,0.068965517,0.00059453
4_10_,30,26,2.633333333,5,105,75.23809524,6,3,0.075949367,0.057142857,0.000544218
4_11_,49,63,2.87755102,10,204,69.11764706,35,17,0.24822695,0.171568627,0.000841023
4_12_,93,104,2.817204301,7,366,71.58469945,66,31,0.251908397,0.180327869,0.000492699
4_13_,182,209,2.994505495,14,754,72.28116711,218,99,0.4,0.289124668,0.000383454
4_14_,241,290,2.946058091,15,1000,71,285,134,0.401408451,0.285,0.000285
4_15_,260,247,2.896153846,12,1000,75.3,276,130,0.366533865,0.276,0.000276
4_16_,261,253,2.862068966,9,1000,74.7,254,118,0.340026774,0.254,0.000254
4_17_,253,272,2.877470356,9,1000,72.8,231,110,0.317307692,0.231,0.000231
4_18_,260,261,2.842307692,9,1000,73.9,241,116,0.326116373,0.241,0.000241
4_19_,251,248,2.996015936,10,1000,75.2,243,119,0.323138298,0.243,0.000243
4_20_,256,262,2.8828125,9,1000,73.8,199,93,0.269647696,0.199,0.000199
4_21_,262,272,2.778625954,9,1000,72.8,229,110,0.31456044,0.229,0.000229
4_22_,258,252,2.899224806,11,1000,74.8,211,102,0.282085561,0.211,0.000211
4_23_,248,242,3.056451613,11,1000,75.8,227,111,0.299472296,0.227,0.000227
4_24_,256,261,2.88671875,13,1000,73.9,218,107,0.294993234,0.218,0.000218
4_25_,258,258,2.875968992,12,1000,74.2,213,104,0.287061995,0.213,0.000213
4_26_,252,272,2.888888889,10,1000,72.8,242,116,0.332417582,0.242,0.000242
4_27_,254,236,2.980314961,11,993,76.23363545,225,110,0.297225892,0.226586103,0.000228183
4_28_,264,255,2.821969697,8,1000,74.5,236,115,0.316778523,0.236,0.000236
4_29_,247,264,2.927125506,8,987,73.25227964,215,106,0.297372061,0.217831814,0.000220701
4_30_,235,251,2.910638298,9,935,73.15508021,179,87,0.261695906,0.19144385,0.000204753
4_31_,223,204,3.040358744,8,882,76.8707483,162,79,0.238938053,0.183673469,0.000208247
4_32_,218,217,2.899082569,12,849,74.44051826,169,84,0.267405063,0.199057715,0.000234461
4_33_,188,191,2.909574468,12,738,74.11924119,111,53,0.202925046,0.150406504,0.000203803
4_34_,219,230,2.96347032,10,879,73.83390216,161,80,0.24807396,0.183162685,0.000208376
4_35_,244,226,3.172131148,15,1000,77.4,229,111,0.295865633,0.229,0.000229
4_36_,245,265,3,12,1000,73.5,217,107,0.295238095,0.217,0.000217
4_37_,257,254,2.902723735,9,1000,74.6,211,102,0.282841823,0.211,0.000211
4_38_,258,237,2.957364341,10,1000,76.3,211,102,0.276539974,0.211,0.000211
4_39_,261,242,2.904214559,12,1000,75.8,190,93,0.250659631,0.19,0.00019
4_40_,245,261,3.016326531,17,1000,73.9,218,108,0.294993234,0.218,0.000218
4_41_,255,261,2.898039216,9,1000,73.9,230,112,0.311231394,0.23,0.00023
4_42_,260,240,2.923076923,10,1000,76,207,101,0.272368421,0.207,0.000207
4_43_,255,272,2.854901961,13,1000,72.8,214,101,0.293956044,0.214,0.000214
4_44_,248,260,2.983870968,11,1000,74,217,105,0.293243243,0.217,0.000217
4_45_,252,239,3.01984127,12,1000,76.1,206,99,0.270696452,0.206,0.000206
4_46_,248,251,3.02016129,11,1000,74.9,228,110,0.304405874,0.228,0.000228
4_47_,270,224,2.874074074,14,1000,77.6,234,110,0.301546392,0.234,0.000234
5_00_,255,245,2.960784314,14,1000,75.5,242,117,0.320529801,0.242,0.000242
5_01_,254,238,3,11,1000,76.2,256,124,0.335958005,0.256,0.000256
5_02_,249,220,2.875502008,13,936,76.4957265,265,125,0.370111732,0.283119658,0.000302478
5_03_,202,209,2.99009901,8,813,74.29274293,221,106,0.36589404,0.271832718,0.000334358
5_04_,195,166,2.866666667,9,725,77.10344828,196,94,0.350626118,0.270344828,0.000372889
5_05_,137,155,3.058394161,11,574,72.99651568,118,56,0.281622912,0.205574913,0.000358144
5_06_,108,113,3.046296296,12,442,74.43438914,79,38,0.240121581,0.178733032,0.000404373
5_07_,98,84,2.918367347,8,370,77.2972973,47,23,0.164335664,0.127027027,0.000343316
5_08_,83,58,2.662650602,7,279,79.21146953,38,19,0.171945701,0.136200717,0.000488175
5_09_,33,35,3.151515152,10,139,74.82014388,10,5,0.096153846,0.071942446,0.000517572
5_10_,21,23,3.095238095,7,88,73.86363636,6,3,0.092307692,0.068181818,0.000774793
5_11_,19,25,3,6,82,69.51219512,2,1,0.035087719,0.024390244,0.000297442
5_12_,29,29,2.896551724,6,113,74.33628319,8,4,0.095238095,0.07079646,0.000626517
5_13_,40,45,3.075,11,168,73.21428571,14,7,0.113821138,0.083333333,0.000496032
5_14_,51,56,3.215686275,13,220,74.54545455,34,17,0.207317073,0.154545455,0.000702479
5_15_,79,79,3.012658228,11,317,75.07886435,57,26,0.239495798,0.179810726,0.000567226
5_16_,105,106,2.904761905,7,411,74.20924574,63,31,0.206557377,0.153284672,0.000372955
5_17_,159,155,3,9,632,75.47468354,149,71,0.312368973,0.235759494,0.000373037
5_18_,184,193,2.869565217,10,721,73.23162275,147,72,0.278409091,0.203883495,0.000282779
5_19_,256,277,2.82421875,10,1000,72.3,240,112,0.331950207,0.24,0.00024
5_20_,258,249,2.910852713,12,1000,75.1,212,101,0.28229028,0.212,0.000212
5_21_,264,246,2.856060606,12,1000,75.4,204,100,0.270557029,0.204,0.000204
5_22_,245,252,3.053061224,11,1000,74.8,192,95,0.256684492,0.192,0.000192
5_23_,253,246,2.980237154,16,1000,75.4,239,115,0.316976127,0.239,0.000239
5_24_,242,261,3.053719008,12,1000,73.9,216,106,0.292286874,0.216,0.000216
5_25_,254,256,2.929133858,9,1000,74.4,222,108,0.298387097,0.222,0.000222
5_26_,255,253,2.929411765,11,1000,74.7,231,111,0.309236948,0.231,0.000231
5_27_,254,244,2.976377953,14,1000,75.6,191,92,0.252645503,0.191,0.000191
5_28_,247,256,3.012145749,10,1000,74.4,204,99,0.274193548,0.204,0.000204
5_29_,253,232,3.035573123,11,1000,76.8,245,118,0.319010417,0.245,0.000245
5_30_,250,270,2.92,8,1000,73,199,96,0.27260274,0.199,0.000199
5_31_,267,247,2.820224719,10,1000,75.3,183,88,0.243027888,0.183,0.000183
5_32_,247,257,3.008097166,12,1000,74.3,220,108,0.296096904,0.22,0.00022
5_33_,255,238,2.843137255,9,963,75.28556594,181,87,0.249655172,0.187954309,0.000195176
5_34_,266,227,2.906015038,14,1000,77.3,218,106,0.282018111,0.218,0.000218
5_35_,247,253,3.024291498,10,1000,74.7,218,104,0.291834003,0.218,0.000218
5_36_,246,252,3.040650407,9,1000,74.8,203,97,0.271390374,0.203,0.000203
5_37_,261,263,2.823754789,11,1000,73.7,149,73,0.202170963,0.149,0.000149
5_38_,254,272,2.866141732,11,1000,72.8,246,119,0.337912088,0.246,0.000246
5_39_,249,262,2.963855422,11,1000,73.8,242,116,0.327913279,0.242,0.000242
5_40_,248,254,3.008064516,11,1000,74.6,227,109,0.304289544,0.227,0.000227
5_41_,264,210,2.992424242,9,1000,79,233,111,0.294936709,0.233,0.000233
5_42_,250,268,2.928,11,1000,73.2,197,98,0.269125683,0.197,0.000197
5_43_,257,217,3.046692607,11,1000,78.3,203,97,0.259259259,0.203,0.000203
5_44_,268,216,2.925373134,10,1000,78.4,238,115,0.303571429,0.238,0.000238
5_45_,260,224,2.984615385,10,1000,77.6,203,98,0.261597938,0.203,0.000203
5_46_,260,259,2.85,11,1000,74.1,225,109,0.303643725,0.225,0.000225
5_47_,245,272,2.971428571,15,1000,72.8,213,104,0.292582418,0.213,0.000213
6_00_,273,250,2.747252747,13,1000,75,207,100,0.276,0.207,0.000207
6_01_,249,227,3.104417671,19,1000,77.3,239,117,0.309184994,0.239,0.000239
6_02_,267,238,2.853932584,8,1000,76.2,256,123,0.335958005,0.256,0.000256
6_03_,263,247,2.863117871,7,1000,75.3,264,130,0.35059761,0.264,0.000264
6_04_,252,228,3.063492063,15,1000,77.2,305,145,0.39507772,0.305,0.000305
6_05_,253,260,2.924901186,10,1000,74,301,140,0.406756757,0.301,0.000301
6_06_,240,243,2.829166667,10,922,73.64425163,291,141,0.428571429,0.315618221,0.000342319
6_07_,185,191,3.059459459,8,757,74.76882431,197,93,0.348056537,0.260237781,0.000343775
6_08_,136,147,3.102941176,9,569,74.16520211,102,48,0.241706161,0.179261863,0.000315047
6_09_,86,91,2.930232558,11,343,73.46938776,54,26,0.214285714,0.157434402,0.000458992
6_10_,40,49,3.125,7,174,71.83908046,8,4,0.064,0.045977011,0.000264236
6_11_,31,26,3.548387097,8,136,80.88235294,17,8,0.154545455,0.125,0.000919118
6_12_,24,41,2.958333333,7,112,63.39285714,4,2,0.056338028,0.035714286,0.000318878
6_13_,35,36,2.714285714,6,131,72.51908397,14,7,0.147368421,0.106870229,0.000815803
6_14_,42,53,3.166666667,11,186,71.50537634,20,10,0.15037594,0.107526882,0.000578102
6_15_,74,79,2.716216216,6,280,71.78571429,34,17,0.169154229,0.121428571,0.000433673
6_16_,83,111,3.036144578,12,363,69.4214876,40,18,0.158730159,0.110192837,0.000303562
6_17_,123,136,3.113821138,10,519,73.79576108,94,47,0.245430809,0.181117534,0.000348974
6_18_,155,155,2.929032258,12,609,74.54844007,123,58,0.27092511,0.201970443,0.000331643
6_19_,227,200,2.889867841,10,856,76.63551402,216,106,0.329268293,0.252336449,0.000294786
6_20_,237,246,2.932489451,9,941,73.8575983,203,98,0.292086331,0.215727949,0.000229254
6_21_,252,261,2.932539683,9,1000,73.9,230,112,0.311231394,0.23,0.00023
6_22_,253,256,2.940711462,11,1000,74.4,192,93,0.258064516,0.192,0.000192
6_23_,258,255,2.887596899,10,1000,74.5,220,105,0.295302013,0.22,0.00022
6_24_,249,258,2.979919679,12,1000,74.2,235,113,0.31671159,0.235,0.000235
6_25_,253,239,3.007905138,12,1000,76.1,200,98,0.262812089,0.2,0.0002
6_26_,272,231,2.827205882,9,1000,76.9,228,111,0.296488947,0.228,0.000228
6_27_,251,258,2.956175299,10,1000,74.2,195,94,0.262803235,0.195,0.000195
6_28_,259,251,2.891891892,8,1000,74.9,236,114,0.315086782,0.236,0.000236
6_29_,255,235,3,11,1000,76.5,206,100,0.269281046,0.206,0.000206
6_30_,255,254,2.925490196,8,1000,74.6,169,83,0.226541555,0.169,0.000169
6_31_,262,261,2.820610687,12,1000,73.9,217,106,0.293640054,0.217,0.000217
6_32_,250,270,2.92,10,1000,73,185,90,0.253424658,0.185,0.000185
6_33_,244,236,3.131147541,16,1000,76.4,189,90,0.247382199,0.189,0.000189
6_34_,240,249,3.129166667,10,1000,75.1,212,103,0.28229028,0.212,0.000212
6_35_,254,239,2.996062992,11,1000,76.1,194,93,0.254927727,0.194,0.000194
6_36_,253,287,2.818181818,9,1000,71.3,209,99,0.29312763,0.209,0.000209
6_37_,247,287,2.886639676,13,1000,71.3,221,109,0.309957924,0.221,0.000221
6_38_,255,247,2.952941176,14,1000,75.3,200,98,0.26560425,0.2,0.0002
6_39_,261,249,2.877394636,8,1000,75.1,234,112,0.311584554,0.234,0.000234
6_40_,265,252,2.822641509,17,1000,74.8,219,106,0.292780749,0.219,0.000219
6_41_,252,261,2.932539683,9,1000,73.9,268,130,0.362652233,0.268,0.000268
6_42_,259,255,2.876447876,11,1000,74.5,243,119,0.326174497,0.243,0.000243
6_43_,249,253,3,10,1000,74.7,244,119,0.326639893,0.244,0.000244
6_44_,253,251,2.960474308,9,1000,74.9,203,99,0.271028037,0.203,0.000203
6_45_,247,243,2.935222672,9,968,74.89669421,226,109,0.311724138,0.233471074,0.000241189
6_46_,244,237,2.901639344,14,945,74.92063492,210,99,0.296610169,0.222222222,0.000235156
6_47_,150,129,2.76,9,543,76.24309392,107,51,0.258454106,0.197053407,0.000362898
