pickup_time,rides_pooled_fraction,vehicle_number_reduction,vehicle_miles_reduction,vehicle_time_reduction,pooled_passenger_fraction,avg_fare_amount_pooled,avg_fare_amount_rides,all_rides,pooled_rides,unpooled_rides,pooled_vans
2013-06-03 00:00,0.12593383137673425,0.8655282817502669,0.835576950780707,0.844186655818844,0.2657685241886099,7.008080808080808,8.273282711555307,937,244,693,118
2013-06-03 00:30,0.08167770419426049,0.9072847682119205,0.8983213793094167,0.9042178578170016,0.17990074441687345,7.3863095238095235,7.89391789593635,453,79,374,37
2013-06-03 01:00,0.07476635514018691,0.9221183800623053,0.9093318769815542,0.912767721364132,0.1558219178082192,6.697916666666667,7.478774784885895,321,49,272,24
2013-06-03 01:30,0.05859375,0.94140625,0.918172987284876,0.9243538628183681,0.1425287356321839,6.059895833333333,8.13995157384988,256,30,226,15
2013-06-03 02:00,0.03636363636363636,0.9636363636363636,0.9581141468548291,0.9618845116106491,0.06521739130434782,7.53125,8.097159358793022,220,16,204,8
2013-06-03 02:30,0.047872340425531915,0.9468085106382979,0.9304364195233392,0.9362020241756329,0.12794612794612795,6.703703703703703,8.541560351413292,188,19,169,9
2013-06-03 03:00,0.043478260869565216,0.9478260869565217,0.9309266009960772,0.9355004932909388,0.09782608695652174,7.8166666666666655,8.043376068376068,115,11,104,5
2013-06-03 03:30,0.0625,0.9285714285714286,0.9134269948277021,0.917646670626558,0.21739130434782608,6.345238095238096,7.536764705882353,112,15,97,7
2013-06-03 04:00,0.056179775280898875,0.9325842696629213,0.9408755441067687,0.944890391887375,0.09740259740259741,8.766666666666667,7.7173044217687075,89,11,78,5
2013-06-03 04:30,0.03571428571428571,0.9642857142857143,0.9539900725467737,0.9551017809390406,0.08759124087591241,6.333333333333333,7.723958333333333,84,6,78,3
2013-06-03 05:00,0.036036036036036036,0.954954954954955,0.954424090734395,0.9534961742981236,0.08982035928143713,8.166666666666666,8.236805555555556,111,9,102,4
2013-06-03 05:30,0.09187279151943463,0.9081272084805654,0.8797841496090346,0.8871101401726877,0.18337408312958436,5.921875,7.4899491094147574,283,52,231,26
2013-06-03 06:00,0.14285714285714285,0.8160714285714286,0.7911888447368705,0.7970756174006308,0.32860520094562645,7.168181508714597,7.883621787724596,560,183,377,80
2013-06-03 06:30,0.16381418092909536,0.8060309698451508,0.7803987187461577,0.7856790396235936,0.34679958027282265,7.687984831029186,8.625788997939724,1227,439,788,201
2013-06-03 07:00,0.17994579945799458,0.789159891598916,0.759155433003561,0.7663549496268028,0.39241379310344826,8.348087928038716,9.425616607676279,1845,721,1124,332
2013-06-03 07:30,0.1792452830188679,0.7786949685534591,0.7432529221918405,0.7490337518413771,0.39950248756218903,8.294802621106578,9.638126947642835,2544,1019,1525,456
2013-06-03 08:00,0.18110544884359076,0.7828302626421011,0.7409577911559311,0.7478728037314242,0.411651420317766,9.028316090193355,10.798503336820016,2551,1016,1535,462
2013-06-03 08:30,0.17332772402187632,0.7963819941102229,0.7611298546261931,0.7696219048343134,0.35353274883960806,9.760684859544348,11.320896579539315,2377,896,1481,412
2013-06-03 09:00,0.15691868758915833,0.8259629101283881,0.7888630722721276,0.796892250600788,0.33794524580512214,8.935630322007276,10.64824930686138,2103,696,1407,330
2013-06-03 09:30,0.16372315035799523,0.8124105011933174,0.7648368992833007,0.781684647268149,0.3599406528189911,8.618847037904414,10.698948195681227,2095,736,1359,343
2013-06-03 10:00,0.15294742432288902,0.822623473181094,0.7984062461703183,0.8065219592030661,0.3331103678929766,8.990550897258872,10.001986088490426,1883,622,1261,288
2013-06-03 10:30,0.14394710071210579,0.8311291963377416,0.8052778893702419,0.8138740820188087,0.29882207067575944,8.670943094629157,9.760227700506112,1966,615,1351,283
2013-06-03 11:00,0.15518239722061378,0.8326577880718008,0.8102478326415883,0.818317752703441,0.3357689631176061,8.930412452591655,9.78995654456859,1727,557,1170,268
2013-06-03 11:30,0.1590909090909091,0.8187103594080338,0.7829516620142171,0.7918863205974728,0.3515749284123449,8.246186914936915,9.764838850671131,1892,644,1248,301
2013-06-03 12:00,0.16023268112109995,0.8191433104177683,0.7817487179092236,0.7936288894608406,0.33863781031190326,8.253052887821795,9.660125652557584,1891,645,1246,303
2013-06-03 12:30,0.15893333333333334,0.8208,0.7864167152958096,0.7950974721755287,0.343811394891945,8.440573451602864,9.842078286478106,1875,634,1241,298
2013-06-03 13:00,0.15271493212669685,0.8274886877828054,0.7990399985478945,0.8079409852663041,0.34041811846689896,8.436549567743764,9.582252074773105,1768,575,1193,270
2013-06-03 13:30,0.15165394402035623,0.8269720101781171,0.7967655183040278,0.8084987128338025,0.3215366001209921,8.139367030965392,9.193739161449358,1965,638,1327,298
2013-06-03 14:00,0.15279138099902057,0.8237022526934378,0.7901550377029031,0.8013966781537853,0.33101851851851855,8.088676736868885,9.419079819887155,2042,672,1370,312
2013-06-03 14:30,0.16717590571802707,0.7992143168921868,0.7597535807627348,0.7730165559468797,0.3678714859437751,8.206682553006958,9.662922691985763,2291,843,1448,383
2013-06-03 15:00,0.1565523306948109,0.8240985048372911,0.7925804034855398,0.7995237523286597,0.3356607189035428,8.31333028083028,9.52730007711967,2274,756,1518,356
2013-06-03 15:30,0.15446768060836502,0.8236692015209125,0.7941704591032769,0.8006966434451304,0.3288163716814159,8.224903208121713,9.45114198975714,2104,696,1408,325
2013-06-03 16:00,0.15544041450777202,0.8212435233160622,0.7902331975588694,0.8014015426778238,0.3276918587686023,8.239595103578155,9.388301376659182,1930,645,1285,300
2013-06-03 16:30,0.15343057806591032,0.8249594813614263,0.786850651421119,0.7988683264197524,0.3201248049921997,8.005133219954649,9.526791075780801,1851,608,1243,284
2013-06-03 17:00,0.1661392405063291,0.8136867088607594,0.7813267308655476,0.7880850529092772,0.34223587804301586,8.536626824262694,9.867825266732142,2528,891,1637,420
2013-06-03 17:30,0.17523680649526388,0.8024357239512855,0.7670397915300499,0.7745222050727278,0.37214342001576045,8.29496586829176,9.630164717706972,2956,1102,1854,518
2013-06-03 18:00,0.15869565217391304,0.822463768115942,0.7819755503632588,0.7939724860934119,0.3346328784925276,8.158242284254609,9.789274780725503,2760,928,1832,438
2013-06-03 18:30,0.1648590021691974,0.8156182212581344,0.7836931459091273,0.7943824247562233,0.3564204045734389,8.54291224472615,9.778752030817389,2766,966,1800,456
2013-06-03 19:00,0.1771080257365391,0.7954622417880122,0.7636776513452986,0.7726043393976103,0.3822825219473264,8.082785599389098,9.190713534470078,2953,1127,1826,523
2013-06-03 19:30,0.17384731670445955,0.798941798941799,0.771637917122389,0.7786284307972188,0.3830024537140308,7.807608687848791,8.708231186002338,2646,992,1654,460
2013-06-03 20:00,0.17399920729290527,0.8030122869599683,0.7741507727801407,0.7785352039792439,0.3742198751800288,7.735710062365899,8.750707865038954,2523,936,1587,439
2013-06-03 20:30,0.15388046387154328,0.8291703835860839,0.7997690575679829,0.8047387382428561,0.32297650130548305,7.807549297366108,9.036065585442005,2242,728,1514,345
2013-06-03 21:00,0.16919540229885058,0.8110344827586207,0.7930390199843751,0.8030109893023077,0.3581395348837209,8.278428978428979,8.801358377344371,2175,779,1396,368
2013-06-03 21:30,0.17387218045112782,0.8035714285714286,0.7829883955015174,0.7903515008174058,0.36845023565289714,8.357499828214113,9.062551753169233,2128,788,1340,370
2013-06-03 22:00,0.15173172072567345,0.8367234744365035,0.8131787280856023,0.8205287568698482,0.3274478330658106,8.145301256613756,9.108058831194981,1819,573,1246,276
2013-06-03 22:30,0.14399023794996949,0.8401464307504576,0.8100056694561849,0.8204712350847424,0.30994575045207956,7.716582521347373,8.894314503027347,1639,498,1141,236
2013-06-03 23:00,0.1475037821482602,0.8366111951588502,0.813789210246692,0.8237888651138227,0.3224341507720254,8.00298721340388,8.859821315365481,1322,411,911,195
2013-06-03 23:30,0.1303921568627451,0.8578431372549019,0.8371265463829975,0.8472545701270449,0.26259632483698875,7.695768229166667,8.471805508365765,1020,278,742,133
2013-06-04 00:00,0.12,0.8709677419354839,0.8606794429959428,0.8655866306798772,0.23982235381199113,7.863484848484848,8.302556318035968,775,193,582,93
2013-06-04 00:30,0.0936936936936937,0.9045045045045045,0.9112637267543789,0.9169804916555314,0.19719827586206898,8.529936974789917,8.053155554473163,555,105,450,52
2013-06-04 01:00,0.10098522167487685,0.8891625615763546,0.8782463290766586,0.8812602529940389,0.23333333333333334,7.901785714285714,8.54569584484268,406,86,320,41
2013-06-04 01:30,0.07462686567164178,0.9253731343283582,0.9184758379238233,0.9205850197314199,0.16933638443935928,7.25,7.862286263392458,268,40,228,20
2013-06-04 02:00,0.0625,0.9375,0.9289726691371837,0.9326938586824255,0.13312693498452013,6.916666666666666,7.634487734487735,208,26,182,13
2013-06-04 02:30,0.06451612903225806,0.9354838709677419,0.9265442584155512,0.9306674963171873,0.10743801652892562,7.35,8.009803921568627,155,20,135,10
2013-06-04 03:00,0.045454545454545456,0.9545454545454546,0.958122911699063,0.9618916290419606,0.0625,8.166666666666666,7.606037414965987,132,12,120,6
2013-06-04 03:30,0.024390243902439025,0.975609756097561,0.968895659983129,0.9670912581915323,0.08333333333333333,5.75,7.170061728395062,82,4,78,2
2013-06-04 04:00,0.06382978723404255,0.9361702127659575,0.9386203244317243,0.9366774128021306,0.18452380952380953,8.375,8.011522911051213,94,12,82,6
2013-06-04 04:30,0.0,1.0,1.0,1.0,0.109375,7.083333333333333,7.853395061728395,82,0,82,0
2013-06-04 05:00,0.02586206896551724,0.9741379310344828,0.9678245400206638,0.9697965057774723,0.2358974358974359,6.022321428571429,7.00534188034188,116,6,110,3
2013-06-04 05:30,0.07377049180327869,0.9221311475409836,0.9220588797958307,0.9276852834621379,0.4738292011019284,7.036974474474474,7.088754578754579,244,37,207,18
2013-06-04 06:00,0.12280701754385964,0.8574561403508771,0.8518170420251989,0.859127691491681,0.9215976331360947,7.380335884353741,7.5278345771518556,456,121,335,56
2013-06-04 06:30,0.158578856152513,0.8188908145580589,0.8033651514979536,0.8182888288400677,0.6142774899251583,8.472070297787658,8.871198984582303,1154,392,762,183
2013-06-04 07:00,0.16006423982869378,0.7997858672376874,0.7832066837137985,0.808017063695289,0.578748280605227,8.844304928312281,9.027944533397665,1868,673,1195,299
2013-06-04 07:30,0.18879415347137637,0.7754770604953309,0.7494244734051926,0.7773694504929001,0.39274331944103946,9.417268917268917,9.821476983040201,2463,1018,1445,465
2013-06-04 08:00,0.17421602787456447,0.7936507936507936,0.7560772464932655,0.7695765892528346,0.3012865497076023,9.175757814336158,10.741795071477352,2583,983,1600,450
2013-06-04 08:30,0.1680598328200616,0.8029036515618125,0.7597271550978947,0.7698587284435011,0.3311906092789268,9.088083158224581,11.040306787209788,2273,830,1443,382
2013-06-04 09:00,0.1605351170568562,0.8155757286192069,0.7961355062526911,0.8069011500677447,0.33759813899389357,9.962950492580122,10.684142642669519,2093,722,1371,336
2013-06-04 09:30,0.15779283639883834,0.8209099709583737,0.7909700107722846,0.7977623973353485,0.3061106284390385,9.2909891598916,10.708464766889158,2066,696,1370,326
2013-06-04 10:00,0.15644820295983086,0.8176532769556025,0.7762282785492897,0.7872343399415742,0.33354612192786465,9.251624338624339,11.320058550428588,1892,641,1251,296
2013-06-04 10:30,0.1533400809716599,0.8269230769230769,0.7963293596541556,0.806641651796805,0.2966656279214709,9.595267030423281,11.018969185682765,1976,645,1331,303
2013-06-04 11:00,0.14827201783723523,0.8355629877369007,0.7999405700925519,0.8097072840398876,0.31370038412291934,9.10829338181312,10.898039761305316,1794,561,1233,266
2013-06-04 11:30,0.1472,0.8346666666666667,0.8066020027448786,0.8106428025272977,0.2893830253679925,9.352324050240718,10.88463461807795,1875,586,1289,276
2013-06-04 12:00,0.13954741379310345,0.8426724137931034,0.8021580625924153,0.8070081591693496,0.3136543535620053,8.573036289394985,10.974500168458608,1856,551,1305,259
2013-06-04 12:30,0.14662273476112025,0.8341570565623284,0.7942214352383369,0.8039035671675139,0.3001285347043702,8.64937673751233,10.606936455712633,1821,569,1252,267
2013-06-04 13:00,0.1535365152386429,0.8269120184013801,0.7881169595578824,0.7956306901767959,0.35017064846416385,8.656972402597402,10.612532164458408,1739,568,1171,267
2013-06-04 13:30,0.1459660297239915,0.8296178343949044,0.8143542533045275,0.8178875714034005,0.31740942609810835,9.595526776776778,10.302481841705468,1884,596,1288,275
2013-06-04 14:00,0.14898295766904893,0.8350742166025289,0.7988345484242644,0.8102408653504359,0.3769280205655527,8.79129864311316,10.488573203251159,1819,571,1248,271
2013-06-04 14:30,0.16,0.819,0.7768264084781892,0.7874152238742433,0.3316478286734087,8.690555880822275,10.574490994465172,2000,682,1318,320
2013-06-04 15:00,0.1476923076923077,0.8358974358974359,0.8049385675008373,0.8102152116120358,0.27955133735979293,9.041999299719889,10.672995028335329,1950,608,1342,288
2013-06-04 15:30,0.14746800222593212,0.8397328881469115,0.8064389361637541,0.8072479533538504,0.2533375715193897,8.579853693813975,10.486618227039497,1797,553,1244,265
2013-06-04 16:00,0.13673088875077688,0.8514605344934743,0.830582631073877,0.8368061926833971,0.2522620340209917,9.078395061728395,10.052267127226651,1609,459,1150,220
2013-06-04 16:30,0.13277742142398974,0.8569595894804362,0.8335744590945119,0.8389002590840329,0.3380228136882129,8.994169444444443,10.320276033913542,1559,430,1129,207
2013-06-04 17:00,0.1443411700382723,0.8381629305631493,0.811376846921433,0.8115030838675121,0.3956953642384106,8.672411830893974,10.155390547613104,1829,560,1269,264
2013-06-04 17:30,0.1448493027440396,0.8412055780476833,0.8091861154371299,0.8221903325486706,0.3724155980109919,9.068108945232037,10.621131610531963,2223,675,1548,322
2013-06-04 18:00,0.15885947046843177,0.8191446028513238,0.7815860132810074,0.7839396364328094,0.3834940042323066,8.538997926497926,10.511034353919563,2455,834,1621,390
2013-06-04 18:30,0.16734542761940022,0.8119215105516475,0.7769583840555833,0.7759256207168413,0.38130274832287386,8.351416038925112,10.071384031915311,2701,960,1741,452
2013-06-04 19:00,0.1705982905982906,0.8061538461538461,0.7768328056032117,0.7762658158349033,0.36525612472160357,8.30536830551847,9.649635357382365,2925,1066,1859,499
2013-06-04 19:30,0.1741649625085208,0.8033401499659168,0.7772853743806099,0.782916138112222,0.3218712514994002,8.377927480214897,9.38385926902018,2934,1088,1846,511
2013-06-04 20:00,0.1651101979828166,0.8094882330967501,0.7893548737751556,0.7927051159140156,0.34662162162162163,8.398052616508412,9.248538943058106,2677,952,1725,442
2013-06-04 20:30,0.16945288753799392,0.8168693009118541,0.7881405448069312,0.7956070673223187,0.37262012692656393,8.331081448192728,9.40479048685845,2632,928,1704,446
2013-06-04 21:00,0.1715450166728418,0.8036309744349759,0.7807490118587144,0.7916195427761324,0.34901098901098904,8.396916585778996,9.095677495448525,2699,993,1706,463
2013-06-04 21:30,0.1729472431574772,0.8092026973423245,0.7874258201096433,0.7889103888348696,0.33310931899641577,8.591213851443372,9.440540807193042,2521,917,1604,436
2013-06-04 22:00,0.16863543788187374,0.8097759674134419,0.7899451642473606,0.7946741555567415,0.2901775147928994,8.548572178646436,9.371575294221705,2455,881,1574,414
2013-06-04 22:30,0.15165441176470587,0.8327205882352942,0.8097334703216378,0.8179217949599481,0.31047619047619046,8.345529681958254,9.25370855364717,2176,694,1482,330
2013-06-04 23:00,0.16236162361623616,0.8202424881391671,0.7910871734032427,0.797794182774065,0.22838002436053592,8.28292823189882,9.438169275480345,1897,649,1248,308
2013-06-04 23:30,0.14474553866490417,0.8374091209517515,0.8144593262296902,0.8213181984637667,0.23985821189444664,8.22957239057239,9.248816918103081,1513,465,1048,219
2013-06-05 00:00,0.14056939501779359,0.8469750889679716,0.8216886586645317,0.8328641266722838,0.1646586345381526,7.952623456790123,8.941543220572179,1124,330,794,158
2013-06-05 00:30,0.11668757841907151,0.8720200752823086,0.8567370526243331,0.8621687200613088,0.14415094339622642,7.952863577863579,8.694720739466355,797,195,602,93
2013-06-05 01:00,0.09803921568627451,0.8948306595365418,0.8777074217231874,0.8787309245074664,0.1108719052744887,7.294823232323233,8.354277248058901,561,114,447,55
2013-06-05 01:30,0.08264462809917356,0.9090909090909091,0.883153231608356,0.8891764296746282,0.17235772357723578,6.132936507936508,7.694811640071048,363,63,300,30
2013-06-05 02:00,0.09404388714733543,0.9028213166144201,0.896865640282442,0.8934773289677531,0.07269155206286837,7.488888888888889,8.004644536177045,319,61,258,30
2013-06-05 02:30,0.05286343612334802,0.9383259911894273,0.9344188266338431,0.9398452452790974,0.11442786069651742,7.630681818181818,7.713803459528141,227,26,201,12
2013-06-05 03:00,0.0851063829787234,0.9148936170212766,0.9043295171649215,0.9072114006338468,0.13780918727915195,7.434523809523809,8.143445548951288,188,32,156,16
2013-06-05 03:30,0.08163265306122448,0.9115646258503401,0.8902825271822606,0.8981696685037669,0.07480314960629922,6.138888888888889,7.2543237433862435,147,25,122,12
2013-06-05 04:00,0.04225352112676056,0.9507042253521126,0.929828252630343,0.9326299073145086,0.05737704918032787,5.125,7.575050200803212,142,13,129,6
2013-06-05 04:30,0.0,1.0,1.0,1.0,0.6470588235294118,6.164699074074075,7.375,89,0,89,0
2013-06-05 05:00,0.04,0.96,0.9591399965479012,0.9630701191271592,1.392156862745098,6.844425154320987,6.802696078431373,100,8,92,4
2013-06-05 05:30,0.12916666666666668,0.8541666666666666,0.8600402915038394,0.8729335564697902,1.648936170212766,7.5944671792328045,7.220515595515595,240,66,174,31
2013-06-05 06:00,0.1341991341991342,0.8484848484848485,0.8576917131717683,0.8792328145864872,1.526896551724138,8.540956889719203,7.826927671895205,462,132,330,62
2013-06-05 06:30,0.15717926932880205,0.8139337298215803,0.799128450305054,0.8395036819877663,0.9266347687400319,8.863814627360547,8.684531054569714,1177,404,773,185
2013-06-05 07:00,0.17811984606926884,0.7905442550852116,0.7577012674672011,0.8072207724619694,0.5967406380027739,9.114320565347352,9.403453615449545,1819,705,1114,324
2013-06-05 07:30,0.1857418111753372,0.7757225433526012,0.7481111767382651,0.7848470272132592,0.31309297912713474,9.501944920015571,9.761853173720596,2595,1064,1531,482
2013-06-05 08:00,0.1791161517403207,0.7895971842002346,0.763807580411084,0.7797624993785907,0.25659416936603424,9.412071123321123,10.120664414508294,2557,996,1561,458
2013-06-05 08:30,0.16226575809199317,0.8028109028960818,0.768474753146125,0.7750128025040415,0.24980278727320537,9.162106590799771,10.783310094274675,2348,844,1504,381
2013-06-05 09:00,0.1654320987654321,0.8138271604938272,0.7741091883519964,0.7859857683328535,0.2778645020293475,9.446994731800766,11.128347292000663,2025,712,1313,335
2013-06-05 09:30,0.14458438287153652,0.834256926952141,0.8127047004783309,0.8203811320144818,0.31271804630510625,9.434160052910052,10.446911224951117,1985,616,1369,287
2013-06-05 10:00,0.1438278595696489,0.8448471121177803,0.8191662372438415,0.836287900129864,0.29891304347826086,9.65822072072072,10.607789327026834,1766,528,1238,254
2013-06-05 10:30,0.1503800217155266,0.8306188925081434,0.8104307021255474,0.8199818957873296,0.2484790265770093,9.88463275935374,10.724003940445014,1842,589,1253,277
2013-06-05 11:00,0.15403274711946635,0.8289872650090965,0.8001488674462369,0.8101384592379942,0.28824833702882485,9.704103455541508,10.987291154282826,1649,536,1113,254
2013-06-05 11:30,0.1348973607038123,0.8457478005865102,0.8014717099768037,0.8122106456196498,0.2723054960742327,8.563188509021842,11.071786160876036,1705,493,1212,230
2013-06-05 12:00,0.1400611620795107,0.8501529051987767,0.814602211513749,0.8205586965025444,0.2876764593666539,8.857239255765199,10.865251530973943,1635,474,1161,229
2013-06-05 12:30,0.14080100125156444,0.8485607008760951,0.8173047570742981,0.8267838224339074,0.32927756653992396,9.14688151354818,10.737197790370839,1598,467,1131,225
2013-06-05 13:00,0.13998703823720027,0.8425145819831497,0.8099140984725784,0.81565324381387,0.3265696784073507,8.87063577586207,10.619207637828694,1543,459,1084,216
2013-06-05 13:30,0.14106395696353854,0.8392109982068141,0.8132224842663137,0.8238924404795925,0.3728148412415269,9.170452158481819,10.346692634007477,1673,505,1168,236
2013-06-05 14:00,0.1445993031358885,0.8403019744483159,0.8138343227292625,0.8221687194583683,0.3920612813370474,9.0971287550833,10.40893076335856,1722,524,1198,249
2013-06-05 14:30,0.16122121049812532,0.8216389930369576,0.7994133789234793,0.8021119948791041,0.2870100421120829,9.603602660199883,10.69758854661932,1867,634,1233,301
2013-06-05 15:00,0.15452653485952134,0.8309053069719042,0.7927686858483981,0.7964951902436141,0.19096079018258005,8.540893470790378,10.512618674686665,1922,622,1300,297
2013-06-05 15:30,0.14311163895486936,0.8420427553444181,0.8165801547705752,0.8091723466409824,0.170355466130114,8.992708333333333,10.861635592940974,1684,507,1177,241
2013-06-05 16:00,0.1256106071179344,0.8590369853454292,0.843315552492631,0.8441349067501752,0.34049452776651806,9.17962570621469,10.313355224261128,1433,382,1051,180
2013-06-05 16:30,0.11949685534591195,0.8710691823899371,0.8470343964639688,0.8515940772353648,0.5066037735849057,8.762261748531435,10.217487343909497,1272,316,956,152
2013-06-05 17:00,0.13553530751708429,0.8502277904328018,0.8247838469317296,0.8286807844587558,0.434913217623498,9.361433262101201,10.794479684547268,1756,501,1255,238
2013-06-05 17:30,0.1440677966101695,0.8394538606403014,0.8121504189121482,0.8139589784735691,0.445157689087357,8.908048861632194,10.373359445802912,2124,647,1477,306
2013-06-05 18:00,0.1490163248221013,0.833821682712432,0.7926457507730248,0.7938152720436166,0.43162074956564905,8.587625434500435,11.035455266821673,2389,753,1636,356
2013-06-05 18:30,0.16395304808784553,0.8152215070049224,0.7708466570908752,0.7718047581206917,0.4280623608017817,8.25098291131945,10.510552803223659,2641,921,1720,433
2013-06-05 19:00,0.16137654527230202,0.817574340126963,0.7879782690574867,0.7843609749145666,0.3846303124393557,8.385428910335252,10.115571341127614,2993,1029,1964,483
2013-06-05 19:30,0.18033333333333335,0.7933333333333333,0.7698807560476761,0.7616944337022353,0.3194253099783507,8.3322768450201,9.530964808425272,3000,1161,1839,541
2013-06-05 20:00,0.1795834755889382,0.797200409696142,0.7772762212937427,0.773576774315105,0.35629268292682925,8.22313263125763,9.034005102272866,2929,1120,1809,526
2013-06-05 20:30,0.17129977460555973,0.8099173553719008,0.7856843008546005,0.7907800794589579,0.399734395750332,8.438447498311792,9.349632531481749,2662,962,1700,456
2013-06-05 21:00,0.17507102272727273,0.80078125,0.7753671276761217,0.7782245533759553,0.3272158498435871,8.466256305596845,9.472812092070686,2816,1054,1762,493
2013-06-05 21:30,0.18278000729660707,0.7946005107624955,0.7751501803585013,0.7762540722979275,0.2832544123977615,8.793898840069732,9.567725269450632,2741,1064,1677,501
2013-06-05 22:00,0.1697602474864656,0.8163186388244393,0.8036768486316838,0.8038734523767317,0.2354795137325529,8.770615657266143,9.295462097286853,2586,914,1672,439
2013-06-05 22:30,0.16200873362445414,0.8231441048034934,0.7954850827428656,0.7999828059495383,0.21201501877346685,8.58671343537415,9.76529008502638,2290,776,1514,371
2013-06-05 23:00,0.15083798882681565,0.8359573387506348,0.7927982104725022,0.8011494243350887,0.1680161943319838,7.652077737077738,9.555070491026532,1969,620,1349,297
2013-06-05 23:30,0.13639070875521145,0.847528290649196,0.8253576165296812,0.8335289168878675,0.12829284981183717,8.218287037037037,9.164632677859158,1679,485,1194,229
2013-06-06 00:00,0.1272,0.86,0.8235441580437445,0.831338239239322,0.09201307800093414,8.139301801801803,8.981106714574386,1250,334,916,159
2013-06-06 00:30,0.12469733656174334,0.8656174334140436,0.8353903129490732,0.8416653420545591,0.08966015907447578,7.007902298850574,8.339674169064308,826,214,612,103
2013-06-06 01:00,0.08333333333333333,0.9120370370370371,0.8994132070549204,0.9021891487950177,0.07072515666965085,7.580555555555555,8.946311174848912,648,111,537,54
2013-06-06 01:30,0.08390022675736962,0.9160997732426304,0.8974880910965622,0.9014989323084659,0.1037037037037037,6.894230769230769,8.041892541330256,441,74,367,37
2013-06-06 02:00,0.07462686567164178,0.9223880597014925,0.9013914311943934,0.9101348962971473,0.05396290050590219,6.828125,8.18439750417711,335,51,284,25
2013-06-06 02:30,0.06390977443609022,0.9285714285714286,0.92644761060155,0.9318247319091313,0.08298755186721991,7.886363636363637,7.627360166288738,266,36,230,17
2013-06-06 03:00,0.052083333333333336,0.9479166666666666,0.9460841998439417,0.9455755553831743,0.13175675675675674,7.875,8.114214513556618,192,20,172,10
2013-06-06 03:30,0.06741573033707865,0.9213483146067416,0.878116025847672,0.8883241437461987,0.010869565217391304,5.0,8.436423992673994,178,26,152,12
2013-06-06 04:00,0.0547945205479452,0.9452054794520548,0.962157684425795,0.9510610551821335,0.04150943396226415,8.666666666666666,7.507412131519275,146,16,130,8
2013-06-06 04:30,0.011627906976744186,0.9883720930232558,0.9846503142059213,0.9849101724926438,0.3262411347517731,6.201388888888889,7.9759887005649714,86,2,84,1
2013-06-06 05:00,0.0297029702970297,0.9702970297029703,0.9670763844921713,0.9668152187407886,1.2133333333333334,7.038321995464853,7.736111111111111,101,6,95,3
2013-06-06 05:30,0.06722689075630252,0.9201680672268907,0.9238614818393798,0.9279216610063283,1.5087209302325582,7.551604220499569,7.246779736467237,238,35,203,16
2013-06-06 06:00,0.10650887573964497,0.8816568047337278,0.8849853384913638,0.8999604197701884,1.378960709759189,8.290200531167327,7.84966294503261,507,114,393,54
2013-06-06 06:30,0.15384615384615385,0.8126696832579186,0.8080106967493859,0.8513532061587052,0.9420378279438683,9.305563940612666,8.640512312109294,1105,377,728,170
2013-06-06 07:00,0.17170564746149458,0.8009127210496292,0.7824368792454334,0.8429951749170167,0.53177138800142,9.49455300649512,8.95749309881357,1753,650,1103,301
2013-06-06 07:30,0.17035490605427975,0.7916492693110647,0.7571601949345111,0.7946702155160962,0.32032644733486354,9.483079555475388,10.084683768448842,2395,907,1488,408
2013-06-06 08:00,0.18268041237113403,0.7830927835051547,0.7410105490902559,0.7649254612062237,0.2515511892450879,9.65689169186193,11.120088082992535,2425,969,1456,443
2013-06-06 08:30,0.1659252669039146,0.8104982206405694,0.7658727954865181,0.7787983736673516,0.3030882754851052,9.338155064824912,11.541746394457352,2248,799,1449,373
2013-06-06 09:00,0.13805220883534136,0.8509036144578314,0.8189163067204016,0.8256813031225549,0.29540023894862605,9.390416186635944,11.279720696753492,1992,572,1420,275
2013-06-06 09:30,0.1601796407185629,0.8228542914171657,0.7842032542118831,0.7964018658203467,0.2972172883362937,8.9028663255936,10.617143669360395,2004,676,1328,321
2013-06-06 10:00,0.1532349602724177,0.8314415437003405,0.7930881440650889,0.8015069810968317,0.3238095238095238,8.625396825396825,10.372221202405266,1762,567,1195,270
2013-06-06 10:30,0.14654717975751186,0.83078545071165,0.8112930891832852,0.8139131039758761,0.3403858120721842,9.150873692279943,10.158254178148423,1897,599,1298,278
2013-06-06 11:00,0.1520891364902507,0.8328690807799443,0.7966875612993926,0.8015573637012696,0.3169107856191744,8.702923459173459,10.558034800743586,1795,573,1222,273
2013-06-06 11:30,0.155126140633387,0.822866344605475,0.7921302900472468,0.7997854570337918,0.2511013215859031,8.968739801216437,10.379366563874896,1863,619,1244,289
2013-06-06 12:00,0.14852037967615858,0.8341708542713567,0.797074986517748,0.8023656358145824,0.2797862307450487,8.535964458247067,10.476043754663134,1791,563,1228,266
2013-06-06 12:30,0.13970588235294118,0.8412990196078431,0.8052018457903786,0.8129903832706178,0.3049460766084046,8.781982074438972,10.810670212519257,1632,487,1145,228
2013-06-06 13:00,0.14542190305206462,0.83901855176541,0.8218371910619614,0.8268512090030178,0.3278008298755187,9.328256828256828,10.197563731978704,1671,512,1159,243
2013-06-06 13:30,0.14035087719298245,0.8467836257309942,0.8130687055398923,0.8242858668387709,0.30701754385964913,8.986278735632183,10.80312232791401,1710,502,1208,240
2013-06-06 14:00,0.15276145710928318,0.8313748531139835,0.8072155864035317,0.8177751255874204,0.36151397240891403,9.640728869895536,10.587164439465566,1702,547,1155,260
2013-06-06 14:30,0.13957399103139012,0.8469730941704036,0.8068158268184772,0.8168102845690285,0.24106844741235392,8.677864583333333,10.926434706125216,1784,522,1262,249
2013-06-06 15:00,0.15706488781079442,0.8204972710733778,0.7715043856068301,0.7727171105256886,0.1618556701030928,8.46167369901547,11.285492192680273,1649,555,1094,259
2013-06-06 15:30,0.13958192852326365,0.8462575859743763,0.8180931634167146,0.8179727863088763,0.18720565149136578,9.014715608465607,10.773546253240774,1483,435,1048,207
2013-06-06 16:00,0.11245954692556634,0.883495145631068,0.8592299806571447,0.8639781026263601,0.2996164908916587,9.137354096520763,10.976297292488251,1236,283,953,139
2013-06-06 16:30,0.11693895098882201,0.8761822871883062,0.8597366588881261,0.8654754426348881,0.5031088082901555,9.485468426501035,10.42384936787922,1163,280,883,136
2013-06-06 17:00,0.12367491166077739,0.8692579505300353,0.8495526584909666,0.8512958605717114,0.5085666527371501,9.628583420547706,10.999910704580712,1415,360,1055,175
2013-06-06 17:30,0.13203684749232344,0.8587512794268168,0.8305708197612532,0.8297202206301798,0.47508109702152757,8.995802303036893,10.933618404076935,1954,534,1420,258
2013-06-06 18:00,0.14457831325301204,0.8396343996676361,0.8098670471729644,0.8069323363425353,0.44839337877312563,8.841303550093873,10.742876310753584,2407,734,1673,348
2013-06-06 18:30,0.16051660516605165,0.8140221402214022,0.78682749220932,0.7899973705813323,0.42119914346895077,9.10976456190166,10.399533510852226,2710,939,1771,435
2013-06-06 19:00,0.1749489448604493,0.8046289993192648,0.7696914034014282,0.772695089313132,0.36225385065314875,8.44127317678642,10.030253022441075,2938,1088,1850,514
2013-06-06 19:30,0.17866666666666667,0.803,0.7761582010750688,0.775251649288003,0.30047755491881567,8.647198837868482,9.922171842154576,3000,1127,1873,536
2013-06-06 20:00,0.16638484950963814,0.8123097734190058,0.7888417575091727,0.7878253550825915,0.35156706248783337,8.644254130223517,9.788787520407599,2957,1047,1910,492
2013-06-06 20:30,0.1621115687008611,0.8180456757768626,0.7981323882590864,0.8069666485630802,0.37232181897682554,8.903725867044834,9.644194296379547,2671,919,1752,433
2013-06-06 21:00,0.16626835097302833,0.8129054284738819,0.7854969677301005,0.7921692018525833,0.31513105639396344,8.77819389329806,9.87813838582384,2929,1035,1894,487
2013-06-06 21:30,0.16814814814814816,0.8096296296296296,0.7910780365872483,0.7918254976314929,0.2874894692502106,8.89647006499325,9.722859622948967,2700,968,1732,454
2013-06-06 22:00,0.15846383296047725,0.8240119313944817,0.8123129382406739,0.8149216362843434,0.2802278961806288,9.357889897944247,9.829874087010236,2682,897,1785,425
2013-06-06 22:30,0.15381460213289583,0.8269073010664479,0.8072667235505299,0.8047398263780344,0.2796352583586626,8.877564033189033,9.946887342611017,2438,797,1641,375
2013-06-06 23:00,0.16245318352059926,0.8211610486891385,0.7877764408338985,0.7902902065532167,0.24051309460181722,8.212896825396825,9.739364650532941,2136,729,1407,347
2013-06-06 23:30,0.1519047619047619,0.8285714285714286,0.7969321001043131,0.8057115207643598,0.19709827539009034,8.485015060240965,9.822083661135729,2100,679,1421,319
2013-06-07 00:00,0.14564831261101244,0.8348134991119005,0.803192150721069,0.8071323145026889,0.16776099803020356,8.002487562189055,9.555046858606456,1689,525,1164,246
2013-06-07 00:30,0.13732651570489407,0.8495252008765523,0.8227264081172179,0.8235394536136993,0.15439629785443837,7.671377233877234,9.046238910891862,1369,394,975,188
2013-06-07 01:00,0.1337386018237082,0.8551165146909828,0.8225879511060662,0.8242740321058095,0.1572969903463941,7.341429924242425,8.957554897833312,987,275,712,132
2013-06-07 01:30,0.14173228346456693,0.8503937007874016,0.8289857490472602,0.8317251727633633,0.1437308868501529,7.427251683501684,8.38428122630788,762,222,540,108
2013-06-07 02:00,0.11960132890365449,0.8704318936877077,0.8727423780266585,0.8781538721741176,0.11447492904446546,8.439254385964912,8.166928405650333,602,150,452,72
2013-06-07 02:30,0.1111111111111111,0.8760683760683761,0.8664308731577777,0.8707590616958901,0.09813664596273292,7.5875,7.986990117837761,468,110,358,52
2013-06-07 03:00,0.09322033898305085,0.8983050847457628,0.8811198559947067,0.8900534042158817,0.11945392491467577,7.727941176470588,8.620010022590995,354,69,285,33
2013-06-07 03:30,0.07744107744107744,0.9158249158249159,0.8813372282180234,0.8856580820679656,0.06476190476190476,5.591666666666667,8.002588996763754,297,48,249,23
2013-06-07 04:00,0.07364341085271318,0.9263565891472868,0.9088689382635363,0.9200372072460624,0.03711790393013101,7.321428571428571,8.421121129970139,258,38,220,19
2013-06-07 04:30,0.08053691275167785,0.9194630872483222,0.897633773112153,0.9045210913720366,0.44672131147540983,6.020238095238095,7.86468253968254,149,24,125,12
2013-06-07 05:00,0.05,0.9428571428571428,0.9367881961650147,0.9400672354082756,1.4734299516908214,6.964524371069182,7.537234042553192,140,15,125,7
2013-06-07 05:30,0.11180124223602485,0.8819875776397516,0.8867215991367808,0.898519868612114,1.408450704225352,8.053335611756664,7.588796152518978,322,74,248,36
2013-06-07 06:00,0.13556618819776714,0.8516746411483254,0.8412793284321564,0.8667716948038275,1.2256157635467981,8.074218132840397,8.066250937142206,627,178,449,85
2013-06-07 06:30,0.16507177033492823,0.8014354066985646,0.7883288839813855,0.8340166274966833,0.694558521560575,8.967176759155105,8.589080275979422,1254,456,798,207
2013-06-07 07:00,0.1821561338289963,0.7812002124269782,0.7568505793816821,0.8078674522881294,0.4886251236399604,9.419453403280958,9.296687091562186,1883,755,1128,343
2013-06-07 07:30,0.16295325469637395,0.7964176496286588,0.7517324583394784,0.775807962707034,0.3151885289431758,8.798245038007968,10.317006676872682,2289,839,1450,373
2013-06-07 08:00,0.17839965019676432,0.7909925666812418,0.7513327783236659,0.7674617820743386,0.2531353980035833,9.511544831431195,11.000287542650758,2287,886,1401,408
2013-06-07 08:30,0.15587529976019185,0.8177458033573142,0.7845259865646377,0.7963454751855723,0.3253153417424465,9.41939138058324,11.01923400730759,2085,705,1380,325
2013-06-07 09:00,0.15581643543223053,0.8255069370330843,0.7947108193346021,0.8100801680952666,0.3183767733421313,9.753526261453091,10.988765145683349,1874,619,1255,292
2013-06-07 09:30,0.16352201257861634,0.8123689727463312,0.786154368439603,0.8020953631080247,0.30140405616224647,9.65501187351581,10.504188802264776,1908,670,1238,312
2013-06-07 10:00,0.1588732394366197,0.8247887323943662,0.7946484889345695,0.8056428359913926,0.27478084962913013,9.47698237111954,10.796815940862393,1775,593,1182,282
2013-06-07 10:30,0.15406162464985995,0.8313725490196079,0.8007214576157602,0.8083849042580026,0.31241519674355495,9.280408526658526,10.732272177760787,1785,576,1209,275
2013-06-07 11:00,0.13546056592414207,0.847682119205298,0.8205021933209086,0.830092574169649,0.3049894588896697,9.420582877959927,10.76684567530202,1661,478,1183,225
2013-06-07 11:30,0.14504652435686918,0.8412698412698413,0.8007953003335032,0.8089772130133763,0.23757262750161395,8.801407967032967,10.927400004667533,1827,555,1272,265
2013-06-07 12:00,0.14488468361916026,0.8356002365464222,0.8119949212686127,0.8175924431725115,0.2382116660845267,9.527333959899748,10.764907509336783,1691,523,1168,245
2013-06-07 12:30,0.12905236907730674,0.8640897755610972,0.8407121832549571,0.84326651639997,0.319660014781966,9.42143365893366,10.97541462614589,1604,425,1179,207
2013-06-07 13:00,0.12411118293471235,0.8629605688429218,0.8346803290396705,0.8421267761569895,0.35790679908326967,9.14796963276836,10.856332868393189,1547,404,1143,192
2013-06-07 13:30,0.14416058394160583,0.8454987834549879,0.804700531257988,0.8175088041574816,0.2588396841743907,8.822084725703148,10.85366986873544,1644,491,1153,237
2013-06-07 14:00,0.14009378663540445,0.8429073856975381,0.8079848724974625,0.8128191885004724,0.25517702070808285,8.919582023060796,10.929184098219975,1706,507,1199,239
2013-06-07 14:30,0.131875,0.85375,0.8252556866639424,0.827028111888756,0.24019957234497505,8.825747863247862,10.869229288188542,1600,445,1155,211
2013-06-07 15:00,0.13517060367454067,0.8503937007874016,0.8075869466974825,0.8073047009888918,0.21908652060898626,8.283040123456791,11.174083719156219,1524,434,1090,206
2013-06-07 15:30,0.12585969738651995,0.8645116918844566,0.8246312570339736,0.8240578526864669,0.18449197860962566,8.19828431372549,11.041660268071931,1454,380,1074,183
2013-06-07 16:00,0.11710323574730354,0.8744221879815101,0.8495737039033563,0.8497662137257229,0.2030392570704939,8.914805269186711,10.643568279363734,1298,315,983,152
2013-06-07 16:30,0.10717299578059072,0.8860759493670886,0.8666284621336353,0.8657909906973195,0.3831041257367387,8.683172123015874,10.153093550165183,1185,262,923,127
2013-06-07 17:00,0.1050328227571116,0.886943836615609,0.8545019355788629,0.8565866120861536,0.5090595340811044,8.295488441461597,10.967815040687945,1371,299,1072,144
2013-06-07 17:30,0.12246049661399548,0.8662528216704289,0.8347186108454225,0.84548435247911,0.48307896483078966,8.445809037900874,10.103640876736906,1772,454,1318,217
2013-06-07 18:00,0.14866071428571428,0.8370535714285714,0.8059369123167796,0.8083671834111192,0.4295774647887324,8.404561330705121,10.004278498336289,2240,698,1542,333
2013-06-07 18:30,0.15572519083969466,0.8244274809160306,0.7803127814193607,0.7816745691617457,0.34504862953138815,7.974266906415343,10.242623492786404,2620,868,1752,408
2013-06-07 19:00,0.15526601520086863,0.8226565327542527,0.7906990684471585,0.7941301145327615,0.33509987770077454,8.302795310890948,9.80307850401148,2763,919,1844,429
2013-06-07 19:30,0.15793357933579336,0.82619926199262,0.7862409279139912,0.7919186156657455,0.3286960132890365,8.37656140477321,10.266692879616327,2710,899,1811,428
2013-06-07 20:00,0.16331181162172426,0.8116217242688948,0.7780838991608929,0.7833972071985797,0.3223740392826644,8.35869131423498,9.788434965400503,2633,926,1707,430
2013-06-07 20:30,0.1643316925407043,0.8167360848163574,0.7733729631260129,0.7768747445974554,0.32534024627349317,7.764536197978363,9.69511355446972,2641,918,1723,434
2013-06-07 21:00,0.15978593272171254,0.8214831804281345,0.7884310878282181,0.7943726660662133,0.36357758620689656,8.054519241749457,9.481027828094433,2616,885,1731,418
2013-06-07 21:30,0.16355140186915887,0.8204828660436138,0.7874885618151483,0.7956489417888793,0.3251101321585903,8.174284557383148,9.45188869219816,2568,881,1687,420
2013-06-07 22:00,0.16312849162011173,0.8182495344506517,0.7869878233650985,0.7894506677368467,0.2801715335919951,8.287347827549098,9.687643698321052,2685,926,1759,438
2013-06-07 22:30,0.1619718309859155,0.8185584092792046,0.7958962919877935,0.7980975032359806,0.3260166358595194,8.553258569128134,9.583808994268944,2414,829,1585,391
2013-06-07 23:00,0.15700267618198038,0.8175735950044603,0.7837670007651216,0.7898850127973026,0.36826421653836605,8.097688728269086,9.481671600100338,2242,761,1481,352
2013-06-07 23:30,0.1655933762649494,0.8109475620975161,0.771963985370445,0.7784367566724856,0.29610655737704916,8.265329564739941,9.958314170672324,2174,771,1403,360
2013-06-08 00:00,0.1691494473810668,0.8020182604517059,0.7653891444087818,0.77264312926789,0.24388339406559084,7.5932952069716775,8.928702890101164,2081,764,1317,352
2013-06-08 00:30,0.17123670956911025,0.8142137660884163,0.7859520378040915,0.7927608963876743,0.2626884035681329,7.868424994317851,8.953211670826711,1787,638,1149,306
2013-06-08 01:00,0.15098039215686274,0.8281045751633986,0.8015911656774042,0.8023467042330461,0.22690265486725664,7.953394522144522,9.069541088697092,1530,494,1036,231
2013-06-08 01:30,0.1555232558139535,0.8255813953488372,0.7823151476009195,0.7946278472875039,0.21782573940847322,7.162267378215653,8.669508951280196,1376,454,922,214
2013-06-08 02:00,0.14700704225352113,0.8362676056338029,0.8164437651312594,0.8224467087170528,0.19805825242718447,7.801990875715365,8.586892995891475,1136,353,783,167
2013-06-08 02:30,0.14642082429501085,0.834056399132321,0.8152803453603752,0.8258890966922637,0.1466121495327103,7.827752752752752,8.365369529766541,922,288,634,135
2013-06-08 03:00,0.1440443213296399,0.8393351800554016,0.8081172693200641,0.8158275879620781,0.16498838109992253,7.3078497023809526,8.446285145920282,722,220,502,104
2013-06-08 03:30,0.11204013377926421,0.8779264214046822,0.8421396173035286,0.8466504775327867,0.06906614785992218,6.605555555555555,8.681541444189286,598,140,458,67
2013-06-08 04:00,0.11238532110091744,0.8830275229357798,0.8509607715785189,0.8540824725942224,0.02122347066167291,6.85,8.69953025369692,436,100,336,49
2013-06-08 04:30,0.08095238095238096,0.9142857142857143,0.8848534534390617,0.9014636659302067,0.05053191489361702,6.194444444444444,7.749919093851132,210,35,175,17
2013-06-08 05:00,0.0364963503649635,0.9635036496350365,0.9628341973036345,0.9635239394871647,0.12558139534883722,7.268518518518519,7.364597505668934,137,10,127,5
2013-06-08 05:30,0.03731343283582089,0.9626865671641791,0.9671354757371524,0.968509347290273,0.26903553299492383,8.498809523809523,7.7219174503657255,134,10,124,5
2013-06-08 06:00,0.06097560975609756,0.9207317073170732,0.9174197554016711,0.9190138098131305,0.4014084507042254,7.459635416666667,8.164175257731959,164,23,141,10
2013-06-08 06:30,0.06228373702422145,0.9238754325259516,0.9161295182971975,0.9244804665758569,0.4318181818181818,7.875462962962962,8.348015873015873,289,40,249,18
2013-06-08 07:00,0.08900523560209424,0.9031413612565445,0.8884155482105198,0.8979265890190735,0.34762633996937214,7.528044871794871,8.342835692835692,382,71,311,34
2013-06-08 07:30,0.10420475319926874,0.8793418647166362,0.8654568623791482,0.8748222035793096,0.463785046728972,7.8826754385964914,8.486997686379555,547,123,424,57
2013-06-08 08:00,0.0962962962962963,0.8933333333333333,0.8755677503030873,0.8818026000460297,0.41334569045412417,7.961269841269841,8.971129557727496,675,137,538,65
2013-06-08 08:30,0.11842105263157894,0.868421052631579,0.8479552127267721,0.8544820117001295,0.46524064171123,8.286369593709043,9.356225761439267,988,247,741,117
2013-06-08 09:00,0.10887465690759378,0.879231473010064,0.8571175392474728,0.8647682248970936,0.41788617886178864,7.81780303030303,8.996545621405811,1093,251,842,119
2013-06-08 09:30,0.13266583229036297,0.8485607008760951,0.8180906783434523,0.8340586873028765,0.3578358208955224,8.14056007226739,9.350709899394497,1598,454,1144,212
2013-06-08 10:00,0.13068181818181818,0.8554292929292929,0.8283626173756151,0.844842656214616,0.4007950849295266,8.389742688413948,9.444248772497724,1584,436,1148,207
2013-06-08 10:30,0.1434130072262368,0.8426903835464147,0.8295614800915844,0.8444587115178395,0.3594813614262561,8.934171400041498,9.191560178291855,1799,541,1258,258
2013-06-08 11:00,0.14796175138399598,0.8273779567186713,0.8003009110462034,0.8152860569078465,0.31283347374333054,8.701938339438339,9.69707311499412,1987,637,1350,294
2013-06-08 11:30,0.13996138996138996,0.8412162162162162,0.8123729390752591,0.8249641150413313,0.318145052574818,8.571380314337404,9.790951567164358,2072,619,1453,290
2013-06-08 12:00,0.14509605662285135,0.839231547017189,0.8121733412315116,0.8242295687854293,0.34985835694050993,8.880864586094178,9.798101844074354,1978,605,1373,287
2013-06-08 12:30,0.15264367816091953,0.8285057471264368,0.8074483522076917,0.8169727454004798,0.3057610993657505,9.0598715327882,9.885501141961155,2175,705,1470,332
2013-06-08 13:00,0.15384615384615385,0.829935125115848,0.8017499655537216,0.8126273367948064,0.29428571428571426,9.015277632313923,10.214726161944661,2158,699,1459,332
2013-06-08 13:30,0.1468235294117647,0.8338823529411765,0.8067390141752565,0.8138106011431945,0.31721004810261894,9.120873635912698,10.493358971736352,2125,665,1460,312
2013-06-08 14:00,0.14538498326159732,0.8402678144428503,0.8093337978268886,0.8165582953417148,0.29689174705251875,8.77987482255775,10.419118179533108,2091,638,1453,304
2013-06-08 14:30,0.14823641563393708,0.834604385128694,0.8021037979785729,0.8081010750791873,0.3003653444676409,8.907916666666667,10.608576211987886,2098,658,1440,311
2013-06-08 15:00,0.147117296222664,0.8389662027833003,0.8138626850586963,0.8166687858104932,0.2474650589202521,8.978015194681861,10.263418661617264,2012,620,1392,296
2013-06-08 15:30,0.144803229061554,0.8335015136226034,0.8038272917569179,0.8071132999458013,0.1896697713801863,8.904125412541253,10.49074053677172,1982,617,1365,287
2013-06-08 16:00,0.1331133113311331,0.8575357535753575,0.8263344017846718,0.8268831437485092,0.2534869617950273,8.684327107279694,10.770658196363135,1818,501,1317,242
2013-06-08 16:30,0.12467532467532468,0.8675324675324675,0.839904167383039,0.8463096156828429,0.4185132237312366,8.680981761391426,10.347863565447746,1540,396,1144,192
2013-06-08 17:00,0.12873025160912815,0.863662960795787,0.8371317561801777,0.8453623625839162,0.42535392535392536,8.886948024823965,10.321561536663111,1709,453,1256,220
2013-06-08 17:30,0.1382001836547291,0.8443526170798898,0.8138029509683906,0.8234714099225877,0.3809889828337176,8.938798450777618,10.45688698332463,2178,640,1538,301
2013-06-08 18:00,0.14612822647793505,0.8388842631140716,0.807701598855101,0.8149134759318918,0.42053214033435365,8.857262037924789,10.454691230402968,2402,738,1664,351
2013-06-08 18:30,0.15397282832441334,0.8283244133388226,0.7958596119917348,0.8064827335162201,0.3695751484696208,9.205075463438773,10.828275116397426,2429,791,1638,374
2013-06-08 19:00,0.17222861526658995,0.8036056770233986,0.7695950393682203,0.7773444119731956,0.28195020746887967,9.07140062537808,10.700947563119598,2607,961,1646,449
2013-06-08 19:30,0.16466826538768986,0.8129496402877698,0.7829696254230424,0.7842838982504047,0.29541968003506464,8.857670818939757,10.356375030599553,2502,880,1622,412
2013-06-08 20:00,0.16415180612711477,0.8198445358939186,0.7953213527872565,0.8023450659371164,0.3599603076159762,9.032503255208333,10.028277729490199,2187,753,1434,359
2013-06-08 20:30,0.1625615763546798,0.8217644424540976,0.7876866609605483,0.8021994293184055,0.34519746465138956,8.611616955266955,9.900332690681315,2233,761,1472,363
2013-06-08 21:00,0.16545123062898814,0.8149498632634458,0.7884965173503363,0.800878018031954,0.3973559491144924,8.997453703703703,9.94580358175812,2194,769,1425,363
2013-06-08 21:30,0.16095890410958905,0.8202054794520548,0.8159655737247946,0.8241576375537354,0.4503480278422274,9.320622762994088,9.320034668834547,2336,796,1540,376
2013-06-08 22:00,0.17146540610227762,0.8079071766222604,0.7884224678085678,0.8026573014496798,0.39164917191509213,9.484277861862449,10.060791172264695,2327,846,1481,399
2013-06-08 22:30,0.17878338278931752,0.7978486646884273,0.7740895945425242,0.788563778135192,0.38392857142857145,9.768863635400095,10.48368074162416,2696,1027,1669,482
2013-06-08 23:00,0.16146993318485522,0.8166295471417966,0.7807383727735638,0.7932418358532796,0.45250949810037994,9.025963822453548,10.569261800605334,2694,929,1765,435
2013-06-08 23:30,0.16914285714285715,0.8087619047619048,0.7748545746267762,0.7823781766183732,0.40076259281557297,9.547528916247321,11.194740495351995,2625,946,1679,444
2013-06-09 00:00,0.181,0.792,0.7526340289897318,0.7571746305874971,0.2896479609620077,8.944664970936158,10.757091429962149,3000,1167,1833,543
2013-06-09 00:30,0.17632241813602015,0.799928031666067,0.7570606524561665,0.7671869073963266,0.3039508013417816,8.471686067378814,10.326657249531902,2779,1046,1733,490
2013-06-09 01:00,0.17421302285467874,0.795601552393273,0.772154714658295,0.7767848470647052,0.3436213991769547,8.747674144474278,9.734976474110553,2319,878,1441,404
2013-06-09 01:30,0.17962466487935658,0.7855227882037533,0.7578129712747942,0.7652021099852255,0.268071551090419,8.192139683508731,9.197488753017572,2238,882,1356,402
2013-06-09 02:00,0.18093385214007782,0.7889105058365758,0.7579298072737385,0.7644151726909999,0.2693246541903987,8.070863493469012,9.249892818505861,2056,806,1250,372
2013-06-09 02:30,0.16333523700742433,0.8166761850371217,0.7937762058237698,0.7999245977413278,0.23462986198243413,7.7692721861471865,8.600076475562812,1751,607,1144,286
2013-06-09 03:00,0.17409184372858122,0.7957505140507197,0.7624587605755774,0.7719503045591432,0.18277153558052434,7.77047237915882,8.906405645347759,1459,552,907,254
2013-06-09 03:30,0.16121308858739025,0.8116520351157223,0.783700684806871,0.7910604781983025,0.0756340579710145,7.728645833333333,8.64157409311971,1253,438,815,202
2013-06-09 04:00,0.13820224719101123,0.848314606741573,0.8155249752394174,0.8171743578192094,0.04511742892459827,8.559895833333334,8.478668519096242,890,258,632,123
2013-06-09 04:30,0.08133086876155268,0.9149722735674677,0.9066862548707638,0.908756055773922,0.030895983522142123,7.46875,8.075070311080244,541,90,451,44
2013-06-09 05:00,0.0625,0.9301470588235294,0.9113007413605074,0.9169214271845297,0.05296610169491525,6.309523809523809,7.908792372881355,272,36,236,17
2013-06-09 05:30,0.044444444444444446,0.9555555555555556,0.9461897542144334,0.9479961153321835,0.12258064516129032,6.796875,7.899763257575757,180,16,164,8
2013-06-09 06:00,0.03664921465968586,0.9581151832460733,0.9563509422236484,0.9572838021330045,0.21753246753246752,7.6015625,7.980940243557066,191,15,176,7
2013-06-09 06:30,0.07327586206896551,0.9267241379310345,0.9099303460965554,0.912829273914708,0.41896024464831805,6.542333333333334,7.7267668178382465,232,34,198,17
2013-06-09 07:00,0.06405693950177936,0.9252669039145908,0.9258690027256011,0.9278388727785526,0.44212962962962965,8.02517361111111,8.002277085330777,281,39,242,18
2013-06-09 07:30,0.08788598574821853,0.9049881235154394,0.9010014156537637,0.908249244113604,0.47285714285714286,7.817632850241545,7.914891573073391,421,77,344,37
2013-06-09 08:00,0.10181818181818182,0.889090909090909,0.8675366813244665,0.8800818737342712,0.49483352468427094,7.25578982597055,8.34400772084196,550,117,433,56
2013-06-09 08:30,0.1262135922330097,0.866504854368932,0.8657115982260312,0.8738809017642865,0.4879154078549849,8.381927598083259,8.300110115848458,824,214,610,104
2013-06-09 09:00,0.12248803827751197,0.8602870813397129,0.8337347572316546,0.8491819365801911,0.4302125215393452,7.636285473785474,8.663018751554377,1045,274,771,128
2013-06-09 09:30,0.12333825701624815,0.8604135893648449,0.8358952094408983,0.8501823646683815,0.463855421686747,8.191134893912672,9.2344497038576,1354,356,998,167
2013-06-09 10:00,0.13277742142398974,0.8531109685695959,0.838247682197602,0.8486598399075617,0.3674952198852772,8.650690404791968,9.103617681350249,1559,436,1123,207
2013-06-09 10:30,0.14802981895633652,0.832800851970181,0.8184545811091876,0.8310901503338556,0.40090225563909776,8.789923569192936,9.141038467055708,1878,592,1286,278
2013-06-09 11:00,0.13901808785529715,0.8465116279069768,0.8162626240725771,0.8325528309541759,0.3513193003261192,8.53223544973545,9.740314300922169,1935,566,1369,269
2013-06-09 11:30,0.15841142347166443,0.8188308790718429,0.7805512800542727,0.7947608775644237,0.2882236516575952,8.33588807785888,9.785022503310644,2241,761,1480,355
2013-06-09 12:00,0.13836477987421383,0.8463611859838275,0.8215606332254455,0.8310094600677672,0.32839632277834524,8.77338169642857,9.881356955278486,2226,650,1576,308
2013-06-09 12:30,0.14246575342465753,0.8410958904109589,0.8141932059476097,0.822610599241856,0.3067280634433359,8.63073082010582,9.876505274946508,2190,660,1530,312
2013-06-09 13:00,0.15952051636698938,0.8224988473951129,0.7886300588354144,0.7974906826665199,0.3202352312215985,8.760022973502451,10.262179178004487,2169,731,1438,346
2013-06-09 13:30,0.14661134163208853,0.8386353158137391,0.8142193093935394,0.8187294785836178,0.28186338654802406,8.93157482078853,10.153652908090093,2169,668,1501,318
2013-06-09 14:00,0.1486304445442299,0.8338572070049394,0.8045913085818355,0.8093683993435864,0.2525227664287472,9.144139566395664,10.740077756784821,2227,701,1526,331
2013-06-09 14:30,0.13872022419430172,0.8439981317141523,0.8187270188185666,0.8230718289468846,0.2568928950159067,8.723790591300133,10.103196844987895,2141,631,1510,297
2013-06-09 15:00,0.13247011952191234,0.853585657370518,0.8404156232435185,0.8453466524975524,0.22620412844036697,9.814439655172412,10.516480157038627,2008,560,1448,266
2013-06-09 15:30,0.13906953476738368,0.8499249624812406,0.829395793673057,0.8330698404903858,0.18851540616246498,9.498418591859187,10.634551546404044,1999,578,1421,278
2013-06-09 16:00,0.12197996464348851,0.8632881555686506,0.8400093445804419,0.846761420002405,0.24049803407601572,9.282507183908045,10.745254609081954,1697,439,1258,207
2013-06-09 16:30,0.11545741324921135,0.877602523659306,0.8598229741628357,0.864574297921083,0.38687943262411345,9.290869047619047,10.394886339688753,1585,377,1208,183
2013-06-09 17:00,0.11826086956521739,0.8718840579710145,0.8428451613488376,0.8460420021634265,0.3922976501305483,8.66539989606954,10.679618268332883,1725,425,1300,204
2013-06-09 17:30,0.14763779527559054,0.8366141732283464,0.7969986295624696,0.8003562176571464,0.35424764019988897,8.314104838222182,10.697965626341245,2032,632,1400,300
2013-06-09 18:00,0.15517241379310345,0.8322460391425909,0.8006867464723667,0.8024824763350464,0.33798810447375227,8.677670487948266,10.360663130683294,2146,693,1453,333
2013-06-09 18:30,0.1545253863134658,0.8313465783664459,0.8044369996493079,0.8071756445498308,0.3505674653215637,8.58292507061304,9.956403070852732,2265,732,1533,350
2013-06-09 19:00,0.15592609283461017,0.8228931951329428,0.7858806541954795,0.7909308764121004,0.2940711462450593,8.00935293079096,9.747949722098019,2219,739,1480,346
2013-06-09 19:30,0.1689950428120775,0.8129788192879676,0.7727584668843487,0.7715885563226706,0.2601667087648396,7.895282835356365,9.781809146582368,2219,790,1429,375
2013-06-09 20:00,0.15047810770005032,0.8339204831404127,0.818162862167313,0.8151940129594331,0.27044557247602935,8.392827649077649,9.240332925082047,1987,629,1358,299
2013-06-09 20:30,0.15280777537796977,0.8266738660907127,0.803450387649511,0.8086542890668719,0.3175696836830567,8.335545273618667,9.380292415124647,1852,604,1248,283
2013-06-09 21:00,0.1411637931034483,0.8453663793103449,0.8211218909112,0.8224081635400078,0.25933930225378204,7.830872548705117,9.000641727282504,1856,549,1307,262
2013-06-09 21:30,0.1625072547881602,0.8177597214161346,0.788933978095497,0.7886175413019819,0.25870646766169153,8.067497793735418,9.379712335723863,1723,594,1129,280
2013-06-09 22:00,0.1424129353233831,0.8470149253731343,0.8224794388183494,0.831076590598527,0.2449628844114528,7.8687654320987654,8.810430994749748,1608,475,1133,229
2013-06-09 22:30,0.13682219419924338,0.8505674653215637,0.8093836385964741,0.8148337471168569,0.16516082399710877,7.121869307832423,9.052974511803775,1586,454,1132,217
